{
    "version": "1.0",
    "last_updated": "2024-01-01",
    "prices": {
        "Alabama": 3.15,
        "Alaska": 3.85,
        "Arizona": 3.45,
        "Arkansas": 3.10,
        "California": 4.25,
        "Colorado": 3.35,
        "Connecticut": 3.55,
        "Delaware": 3.40,
        "Florida": 3.30,
        "Georgia": 3.20,
        "Hawaii": 4.15,
        "Idaho": 3.40,
        "Illinois": 3.50,
        "Indiana": 3.25,
        "Iowa": 3.20,
        "Kansas": 3.15,
        "Kentucky": 3.20,
        "Louisiana": 3.10,
        "Maine": 3.45,
        "Maryland": 3.35,
        "Massachusetts": 3.50,
        "Michigan": 3.30,
        "Minnesota": 3.25,
        "Mississippi": 3.05,
        "Missouri": 3.15,
        "Montana": 3.35,
        "Nebraska": 3.20,
        "Nevada": 3.65,
        "New Hampshire": 3.40,
        "New Jersey": 3.45,
        "New Mexico": 3.25,
        "New York": 3.60,
        "North Carolina": 3.25,
        "North Dakota": 3.30,
        "Ohio": 3.30,
        "Oklahoma": 3.10,
        "Oregon": 3.75,
        "Pennsylvania": 3.50,
        "Rhode Island": 3.45,
        "South Carolina": 3.15,
        "South Dakota": 3.25,
        "Tennessee": 3.20,
        "Texas": 3.15,
        "Utah": 3.35,
        "Vermont": 3.45,
        "Virginia": 3.30,
        "Washington": 3.85,
        "West Virginia": 3.35,
        "Wisconsin": 3.30,
        "Wyoming": 3.30
    }
}
